{
  "nodes": [
    {
      "pm_user": "admin",
      "arch": "x86_64",
      "name": "controller",
      "pm_addr": "192.168.1.111",
      "pm_password": "password",
      "pm_type": "pxe_ipmitool",
      "mac": [
        "52:54:00:00:fa:0b"
      ],
      "cpu": "2",
      "memory": "6144",
      "disk": "40"
    },
    {
      "pm_user": "admin",
      "arch": "x86_64",
      "name": "compute1",
      "pm_addr": "192.168.1.112",
      "pm_type": "pxe_ipmitool",
      "pm_password": "password",
      "mac": [
        "52:54:00:00:fa:0c"
      ],
      "cpu": "2",
      "memory": "6144",
      "disk": "40"
    },
    {
      "pm_user": "admin",
      "arch": "x86_64",
      "name": "ceph",
      "pm_addr": "192.168.1.114",
      "pm_type": "pxe_ipmitool",
      "pm_password": "password",
      "mac": [
        "52:54:00:00:fa:0e"
      ],
      "cpu": "2",
      "memory": "2048",
      "disk": "40"
    }
  ]
}
